<?xml version="1.0" encoding="UTF-8" standalone="yes"?>
<addon id="repository.apollo" name="Repo APOLLO" version="1.0" provider-name="TEAM APOLLO"> 
    <extension point="xbmc.addon.repository" name="repository apollo">            
        <info compressed="true">https://raw.githubusercontent.com/Tiagotj/repo.apollo/master/addons.xml</info>
        <checksum>https://raw.githubusercontent.com/Tiagotj/repo.apollo/master/addons.xml.md5</checksum>
        <datadir zip="true">https://raw.githubusercontent.com/Tiagotj/repo.apollo/master/</datadir>

        <dir>
			<info compressed="false">https://raw.githubusercontent.com/Tiagotj/repository.Elementum/master/addons.xml</info>
			<checksum>https://raw.githubusercontent.com/Tiagotj/repository.Elementum/master/addons.xml.md5</checksum>
			<datadir zip="true">https://raw.githubusercontent.com/Tiagotj/repository.Elementum/master/</datadir>
		</dir>
	</extension>
	<extension point="xbmc.addon.metadata">
        <description>O AUTOR NAO E RESPONSAVEL POR QUALQUER CONTEUDOS ENCONTRADO NESSE ADDON</description>
		<disclaimer lang="en">O AUTOR NAO E DE FORMA ALGUMA FILIADO O KODI OU TEAM KODI, ESSES CONTEUDOS OU RECURSOS SEM FIM LUCRATIVOS ORGANIZADO EXCLUSIVAMENTE PARA FINS EDUCA CIONAIS E PROTEGIDO PELA DOUTRINA DE USO DA LEI DE DIREITOS AUTORAIS ESPECIFICAMENTE A SECAO 107 QUE PROMOVE A LIBERDADE DE EXPRESSAO PERMITIDO O USO DE OBRAS PROTEGIDAS POR DIREITOS AUTORAIS.</disclaimer>
		<platform>all</platform>
		<website/>
        <video_guide></video_guide>
        <reuselanguageinvoker>false</reuselanguageinvoker>
      <assets>
      	<icon>icon.png</icon>
    	<fanart>fanart.jpg</fanart>
        <screenshot>resources/screenshots/01.jpg</screenshot>
        <screenshot>resources/screenshots/02.jpg</screenshot>
        <screenshot>resources/screenshots/03.jpg</screenshot>
      </assets>
	</extension>
</addon>