<addon id="ElementumAPL.repository" name="Elementum" version="1.0" provider-name="Team APOLLO">
	<extension point="xbmc.addon.repository" name="ElementumAPL">
		<info compressed="false">https://deusapollo.com/APOLLO/repo/addons.xml</info>
		<checksum>https://deusapollo.com/APOLLO/repo/addons.xml.md5</checksum>
		<datadir zip="true">https://deusapollo.com/APOLLO/repo/Plugins/</datadir>
	</extension>
	<extension point="xbmc.addon.metadata">
		<summary>ElementumAPL</summary>
		<description>Elementum  https://deus-apollo.ml/</description>
		<platform>all</platform>
	</extension>
</addon>