<?xml version="1.0" encoding="UTF-8" standalone="yes"?>
<addon id="script.video.F4mProx19" 
	     name="F4mProxy 19" 
	     version="4.0.5" 
	     provider-name="Joel e Tiago">
	<requires>
		<import addon="xbmc.python" version="3.0.0" />
		<import addon="script.module.requests" />
        <import addon="inputstream.ffmpegdirect" />
	</requires>
	<extension point="xbmc.python.module" library="lib" />
    <extension point="xbmc.python.pluginsource" library="addon.py">
		<provides>executable</provides>
	</extension>
    
	<extension point="xbmc.addon.metadata">
		<platform>all</platform>
		<summary lang="en">Proxy for f4m</summary>
		<description lang="en">Use this addon to play F4m v1 and v2 streams</description>
		<assets>
			<icon>icon.png</icon>
		</assets>
	</extension>
</addon>
