<?xml version="1.0" encoding="UTF-8" standalone="yes"?>
<addon id="ElementumAPL.repository" name="Elementum Para Android" version="0.1.35" provider-name="Team APOLLO">
	<extension point="xbmc.addon.repository" name="ElementumAPL">
		<info compressed="false">https://raw.githubusercontent.com/Tiagotj/repo.apollo/master/addons.xml</info>
		<checksum>https://raw.githubusercontent.com/Tiagotj/repo.apollo/master/addons.xml.md5</checksum>
		<datadir zip="true">https://raw.githubusercontent.com/Tiagotj/repo.apollo/master/</datadir>
	</extension>
	<extension point="xbmc.addon.metadata">
		<summary>ElementumAPL</summary>
		<description>ElementumAPL - https://deus-apollo.ml</description>
		<platform>all</platform>
	</extension>
</addon>