<?xml version="1.0" encoding="UTF-8" standalone="yes"?>
<addon 	id="repository.apollo" name="Repo APOLLO" version="1.2" provider-name="TEAM APOLLO"

	<requires>
            <import addon="xbmc.python" version="2.1.0"/>
		    <import addon="script.module.addon.common" optional="true" />
		    <import addon="script.module.t0mm0.common" optional="true" />
		    <import addon="script.module.urlresolver" optional="true" />
			
    </requires>
	
	<extension point="xbmc.addon.repository" name="repository apollo">
	
		<dir>
			<info compressed="true">https://raw.githubusercontent.com/Tiagotj/repo.apollo/masteraddons.xml</info>
			<checksum>https://raw.githubusercontent.com/Tiagotj/repo.apollo/masteraddons.xml.md5</checksum>
			<datadir zip="true">https://raw.githubusercontent.com/Tiagotj/repo.apollo/master</datadir>
		</dir>
	
		<dir>
			<info compressed="false">https://raw.githubusercontent.com/Tiagotj/repository.Elementum/master/addons.xml</info>
           	<checksum>https://raw.githubusercontent.com/Tiagotj/repository.Elementum/master/addon.xml.md5</checksum>
           	<datadir zip="true">https://raw.githubusercontent.com/cy4root2/plugins/master</datadir>
		</dir>
	</extension>
	
		
	<extension point="xbmc.addon.metadata">
	
	<news>
	LOG DE CORREÇÔES
    V 0.01 - criação do repositório...
	</news>
		
	<summary>Repositorio APOLLO trazendo o que a de melhor em conteúdos!</summary>
		
	<description>	
                    [B][COLOR orange]Repositório Vikings Drago, Somente Addons Gringos Legendados!!![/COLOR][/B]
					
	</description>
		
<disclaimer>O AUTOR NAO E DE FORMA ALGUMA FILIADO O KODI OU TEAM KODI, ESSES CONTEUDOS OU RECURSOS SEM FIM LUCRATIVOS ORGANIZADO EXCLUSIVAMENTE PARA FINS EDUCA CIONAIS E PROTEGIDO PELA DOUTRINA DE USO DA LEI DE DIREITOS AUTORAIS ESPECIFICAMENTE A SECAO 107 QUE PROMOVE A LIBERDADE DE EXPRESSAO PERMITIDO O USO DE OBRAS PROTEGIDAS POR DIREITOS AUTORAIS.</disclaimer>
		<platform>all</platform>
	</extension>
</addon>