<addon id="plugin.video.elementum.torrents" name="APOLLO" version="1.3" provider-name="Team APOLLO">
    <requires>
        <import addon="xbmc.python" version="2.24.0" />
        <import addon="ElementumAPOLLO.repository" optional="false" />
    </requires>
    <extension point="xbmc.python.pluginsource" library="elementum.py">
        <provides>video</provides>
    </extension>
    <extension point="xbmc.addon.repository" name="elementum Repositório">
		<info compressed="false">https://raw.githubusercontent.com/Tiagotj/repo.apollo/master/addons.xml</info>
		<checksum>https://raw.githubusercontent.com/Tiagotj/repo.apollo/master/addons.xml.md5</checksum>
		<datadir zip="true">https://raw.githubusercontent.com/Tiagotj/repo.apollo/master/Plugins</datadir>
	</extension>
    <extension point="xbmc.addon.metadata">
        <summary lang="en">acesse os melhores conteúdos via torrentes desde 720p a 4k</summary>
        <description lang="en">vcs podem acessar as melhores séries com alta definição sempre o melhor para sua família!</description>
        <disclaimer lang="en">O altor não é responsavel por qualquer conteúdos encontrado nesse add-n</disclaimer>
        <website>http://addonlive.ml/</website>
        <forum></forum>
        <license>GNU GENERAL PUBLIC LICENSE. Version 3.</license>
        <platform>all</platform>
    </extension>
</addon>