<?xml version="1.0" encoding="UTF-8" standalone="yes"?>
<addon id="repository.elementum" name="Repo Elementum " version="1.3" provider-name="TEAM APOLLO"> 
    <extension point="xbmc.addon.repository" name="repository apollo">              
        <info compressed="true">https://raw.githubusercontent.com/Tiagotj/repo.apollo/master/addons.xml</info>
        <checksum>https://raw.githubusercontent.com/Tiagotj/repo.apollo/master/addons.xml.md5</checksum>
        <datadir zip="true">https://raw.githubusercontent.com/Tiagotj/repo.apollo/master/</datadir>
	</extension>
	<extension point="xbmc.addon.metadata">
        <description>O AUTOR NAO E RESPONSAVEL POR QUALQUER CONTEUDOS ENCONTRADO NESSE ADDON</description>
		<disclaimer lang="en">ElementumAPL filmes e séries de alta qualidades 720p, 1080p, h265 e 4K site -> https://deus-apollo.ml</disclaimer>
		<platform>all</platform>
		<website/>
        <video_guide></video_guide>
        <reuselanguageinvoker>false</reuselanguageinvoker>
      <assets>
      	<icon>icon.png</icon>
    	<fanart>fanart.jpg</fanart>
        <screenshot>resources/screenshots/01.jpg</screenshot>
        <screenshot>resources/screenshots/02.jpg</screenshot>
        <screenshot>resources/screenshots/03.jpg</screenshot>
      </assets>
	</extension>
</addon>