<?xml version="1.0" encoding="UTF-8" standalone="yes"?>
<addon id="Elementum.repository" name="Repo Elementum" version="1.3" provider-name="Team APOLLO">
	<extension point="xbmc.addon.repository" name="Repo Elementum">
		<info compressed="false">https://deusapollo.com/APOLLO.com/repo/addons.xml</info>
		<checksum>https://deusapollo.com/APOLLO.com/repo/addons.xml.md5</checksum>
		<datadir zip="true">https://deusapollo.com/APOLLO.com//repo/master/</datadir>
	</extension>
	<extension point="xbmc.addon.metadata">
		<summary>Elementum</summary>
		<description>Elementum filmes torrents de alta qualidade de imagem e som, 720p, 1080p, h265 e 4k site -> https://deus-apollo.ml</description>
		<platform>all</platform>
	</extension>
</addon>