<?xml version="1.0" encoding="UTF-8" standalone="yes"?>
<addon id="repository.elementum" name="Repo Elementum " version="1.5" provider-name="TEAM APOLLO">
	<extension point="xbmc.addon.repository" name="repository.elementum">
		<info compressed="false">https://deusapollo.com/APOLLO/repo/addons.xml</info>
		<checksum>https://deusapollo.com/APOLLO/repo/addons.xml.md5</checksum>
		<datadir zip="true">https://deusapollo.com/APOLLO/repo/repo/master/</datadir>
	</extension>
	<extension point="xbmc.addon.metadata">
		<summary>ElementumKTMP</summary>
		<description>Elementum, filmes e séries de alta qualidades 720p, 1080p, h265 e 4K site -> https://deus-apollo.ml</description>
		<platform>all</platform>
	</extension>
</addon>