</addon>

<addon id="Elementum.repository" name="Elementum" version="0.1.5.2" provider-name="APOLLO">
	<extension point="xbmc.addon.repository" name="Elementum">
		<info compressed="false">https://deusapollo.com/APOLLO/repo/addons.xml</info>
		<checksum>https://deusapollo.com/APOLLO/repo/addons.xml.md5</checksum>
		<datadir zip="true">https://deusapollo.com/APOLLO/repo/</datadir>
	</extension>
	<extension point="xbmc.addon.metadata">
		<summary>Elementum</summary>
		<description>Elementum filmes e séries em alta definição!</description>
		<platform>all</platform>
	</extension>
</addon>