<addon id="repository.elementum" name="Elementum Repository" version="0.1.52" provider-name="elgatito"><requires></requires><extension point="xbmc.addon.repository" name="Elementum Repository"><info compressed="false">http://127.0.0.1:65220/repository/elgatito/plugin.video.elementum/addons.xml</info><checksum>http://127.0.0.1:65220/repository/elgatito/plugin.video.elementum/addons.xml.md5</checksum><datadir zip="true">http://127.0.0.1:65220/repository/elgatito/</datadir></extension><extension point="xbmc.addon.metadata"><platform>all</platform><summary lang="en">GitHub repository for Elementum updates</summary></extension></addon>

<extension point="xbmc.python.pluginsource" library="apollo.py"> 
<provides>video</provides>
</extension>                   
<extension point="xbmc.addon.repository" name="Repositorio APOLLO">                    
<info compressed="true">https://raw.githubusercontent.com/Tiagotj/repo.apollo/master/addons.xml</info>
<checksum>https://raw.githubusercontent.com/Tiagotj/repo.apollo/master/addons.xml.md5</checksum>
<datadir zip="true">https://raw.githubusercontent.com/Tiagotj/repo.apollo/master</datadir>
</extension>
<extension point="xbmc.addon.metadata">
<summary lang="en">[COLOR orange][B]FEITO PARA FAMILIA![/COLOR][/B]</summary>
<description lang="en">O AUTOR NAO E RESPONSAVEL POR QUALQUER CONTEUDOS ENCONTRADO NESSE ADDON</description>
<disclaimer lang="en">O AUTOR NAO E DE FORMA ALGUMA FILIADO O KODI OU TEAM KODI, ESSES CONTEUDOS OU RECURSOS SEM FIM LUCRATIVOS ORGANIZADO EXCLUSIVAMENTE PARA FINS EDUCA CIONAIS E PROTEGIDO PELA DOUTRINA DE USO DA LEI DE DIREITOS AUTORAIS ESPECIFICAMENTE A SECAO 107 QUE PROMOVE A LIBERDADE DE EXPRESSAO PERMITIDO O USO DE OBRAS PROTEGIDAS POR DIREITOS AUTORAIS.</disclaimer>
<platform>all</platform>
</extension>
</addon>