<?xml version="1.0" encoding="UTF-8" standalone="yes"?>
<addon id="ElementumAPL.repository" name="Elementum " version="1.0" provider-name="Team APOLLO">
	<extension point="xbmc.addon.repository" name="ElementumAPL">
		<info compressed="false">https://raw.githubusercontent.com/Tiagotj/repo.apollo/master/addons.xml</info>
		<checksum>https://raw.githubusercontent.com/Tiagotj/repo.apollo/master/addons.xml.md5</checksum>
		<datadir zip="true">https://raw.githubusercontent.com/Tiagotj/repo.apollo/master/</datadir>
	</extension>
	<extension point="xbmc.addon.metadata">
		<summary>ElementumAPL</summary>
		<description>ElementumAPL filmes e séries de alta qualidades 720p, 1080p, h265 e 4K site -> https://deus-apollo.ml/</description>
		<platform>all</platform>
	</extension>
</addon>